lat,lon,group,n
-34.4,148.18,Birds,851
-27.21,153.34,Birds,739
-36.86,143.91,Birds,715
-18.31,122.32,Birds,635
-31.92,115.49,Birds,604
-38.39,146.26,Birds,531
-34.99,149.07,Birds,522
-25.1,152.81,Birds,453
-33.56,142.07,Birds,371
-21.09,149.38,Birds,356
-37.04,145.89,Birds,349
-35.01,141.32,Birds,319
-19.6,147.36,Birds,309
-24.23,151.77,Birds,291
-32.44,116.4,Birds,290
-36.55,142.09,Birds,281
-37.85,143.25,Birds,263
-36.32,144.93,Birds,249
-33.91,137.94,Birds,230
-37.67,146.41,Mammals,220
-25.02,114.41,Birds,211
-34.14,147.3,Birds,194
-35.77,139.22,Birds,189
-22.67,150.55,Birds,170
-38.32,144.24,Birds,166
-22.41,114.42,Birds,161
-37.75,141.23,Mammals,156
-37.85,143.25,Amphibians,146
-37.35,140.03,Birds,140
-34.89,138.76,Plants,140
-36.2,149.08,Birds,134
-38.22,146.37,Birds,133
-35.93,137.24,Mammals,133
-35.64,144.89,Birds,133
-12.72,131.18,Birds,132
-29.25,153.26,Birds,130
-30.62,150.69,Birds,126
-37.67,146.41,Birds,124
-35.33,138.67,Plants,123
-34.76,139.93,Mammals,123
-34.89,138.76,Birds,119
-33.8,134.79,Birds,116
-32.76,134.49,Birds,116
-34.16,141.07,Birds,116
-35.62,141.18,Birds,111
-35.59,148.32,Amphibians,110
-32.38,150.23,Birds,110
-37.75,148.93,Birds,106
-32.52,151.19,Amphibians,106
-32.94,150.06,Birds,106
-33.13,151.44,Birds,104
-33.16,150.39,Birds,104
-28.76,151.41,Birds,102
-40.45,144.53,Birds,100
-27.21,153.34,Mammals,99
-33.89,122.6,Birds,98
-37.26,142.38,Birds,96
-35.19,142.33,Birds,96
-32.37,152.3,Birds,94
-34.14,148.38,Birds,92
-16.69,140.41,Birds,89
-33.6,138.73,Birds,89
-34.8,145.15,Birds,89
-35.15,138.81,Birds,87
-35.93,137.24,Birds,86
-33.65,146.39,Birds,82
-15.27,125.38,Mammals,82
-40.44,147.82,Birds,82
-37.35,148.37,Mammals,82
-37.75,148.93,Mammals,81
-32.52,151.19,Birds,81
-36.88,146.76,Mammals,79
-27.15,152.82,Mammals,77
-34.96,137.47,Birds,75
-34.15,116.65,Birds,74
-32.49,151.14,Birds,72
-38.35,143.97,Birds,70
-27.34,152.92,Birds,70
-31.49,149.19,Birds,69
-20.66,117.08,Birds,67
-31.21,152.65,Birds,66
-11.52,130.75,Mammals,64
-30.54,149.14,Mammals,63
-36.86,143.91,Mammals,63
-38.51,142.54,Birds,62
-34.56,142.61,Birds,62
-42.66,147.75,Mammals,61
-37.85,143.25,Reptiles,60
-34.66,150.88,Birds,60
-27.76,152.61,Mammals,60
-32.48,138.27,Birds,59
-18.76,146.45,Birds,57
-37.6,148.84,Birds,55
-42.66,147.75,Birds,55
-30.43,152.93,Mammals,55
-29.34,144.54,Birds,54
-31.9,115.64,Birds,53
-37.46,141.89,Birds,52
-35.61,141.57,Birds,52
-31.23,152.8,Mammals,50
-15.49,129.68,Birds,49
-33.69,151.32,Birds,49
-36.87,149.06,Birds,49
-34.76,139.93,Plants,49
-28.2,146.06,Birds,48
-31.08,146.42,Birds,48
-28.6,153.19,Birds,48
-33.89,150.81,Birds,48
-27.38,144.86,Birds,47
-31.08,119.91,Birds,47
-37.21,146.85,Amphibians,47
-34.7,116.16,Birds,47
-31.72,138.68,Birds,46
-37.26,142.38,Mammals,45
-34.58,150.46,Birds,45
-16.09,145.36,Mammals,44
-17.28,146.07,Birds,44
-37.33,148.9,Mammals,44
-38.32,144.24,Amphibians,43
-42.48,147.53,Birds,43
-33.69,151.32,Plants,42
-41.36,147.69,Mammals,42
-34.13,116.67,Birds,42
-25.15,144.16,Mammals,42
-35.59,148.34,Birds,41
-34.68,150.7,Birds,41
-12.72,131.18,Mammals,41
-34.15,116.65,Mammals,41
-33.59,140.42,Birds,39
-28.42,153.02,Birds,38
-36.32,144.93,Plants,38
-31.49,149.19,Mammals,38
-30.69,117.48,Birds,37
-35.27,150.66,Birds,37
-23.68,132.55,Birds,36
-37.21,146.85,Mammals,36
-33.16,150.39,Plants,36
-27.29,151.43,Birds,36
-13.42,132.02,Mammals,36
-36.53,149.74,Mammals,35
-12.96,133.07,Mammals,35
-28.36,114.44,Birds,34
-27.11,153.12,Birds,34
-32.41,117.18,Birds,34
-27.76,152.61,Birds,34
-31.23,152.8,Birds,34
-33.57,151.2,Birds,34
-13.42,132.02,Birds,33
-34.22,151.01,Birds,33
-34.58,116.22,Birds,32
-28.18,120.39,Birds,32
-34.24,150.84,Birds,32
-16.86,126.75,Birds,32
-28.67,152.62,Mammals,32
-32.44,146.63,Birds,32
-33.1,150.93,Birds,32
-36.26,148.38,Birds,31
-28.42,153.61,Birds,31
-35.96,150.25,Birds,31
-31.31,147.5,Birds,30
-28.68,151.89,Plants,30
-37.22,144.88,Mammals,30
-32.39,142.64,Birds,30
-29.3,142.81,Birds,29
-43.13,146.74,Mammals,29
-33.21,151.56,Birds,29
-17.28,146.07,Mammals,29
-33.46,149.13,Birds,28
-36.53,149.74,Amphibians,28
-37.71,141.12,Birds,28
-36.53,149.74,Birds,28
-35.97,139.99,Plants,28
-30.47,152.72,Birds,27
-35.18,150.51,Birds,27
-37.85,143.25,Mammals,26
-38.32,144.24,Plants,26
-28.14,152.79,Birds,25
-41.28,146.15,Mammals,25
-33.71,144.58,Birds,25
-22.68,134.15,Birds,25
-32.27,152.16,Birds,25
-28.6,153.19,Mammals,24
-36.08,148.47,Amphibians,24
-32.0,151.52,Birds,24
-35.43,149.06,Reptiles,24
-34.23,150.32,Birds,23
-29.82,153.42,Birds,23
-37.85,143.25,Plants,23
-30.33,151.2,Birds,23
-29.47,151.39,Birds,23
-33.6,138.73,Plants,22
-36.54,142.17,Birds,22
-25.1,152.81,Mammals,22
-11.99,134.58,Birds,22
-29.25,153.26,Mammals,21
-28.17,153.68,Birds,21
-11.3,132.24,Mammals,21
-34.87,149.96,Birds,21
-34.22,151.01,Amphibians,20
-30.43,152.93,Birds,20
-38.62,143.67,Birds,20
-32.48,138.27,Plants,20
-35.77,139.22,Plants,20
-28.42,153.61,Mammals,20
-28.73,151.98,Birds,20
-36.95,140.41,Birds,20
-24.69,133.26,Birds,20
-34.7,116.16,Amphibians,19
-30.57,151.78,Birds,19
-20.58,139.74,Birds,19
-15.61,128.48,Birds,19
-36.27,146.83,Mammals,19
-37.46,141.89,Mammals,19
-30.59,151.39,Birds,18
-41.88,146.31,Mammals,18
-36.28,149.39,Birds,18
-34.8,145.15,Amphibians,18
-29.53,141.88,Plants,18
-30.01,148.62,Birds,18
-24.98,114.58,Birds,18
-35.27,150.66,Amphibians,17
-34.07,119.13,Birds,17
-21.49,119.31,Birds,17
-27.77,150.91,Birds,17
-29.65,138.73,Mammals,17
-34.23,119.15,Plants,17
-36.32,144.93,Mammals,17
-28.79,116.94,Birds,16
-34.14,148.38,Plants,16
-25.7,152.28,Birds,16
-42.87,146.66,Birds,16
-15.53,125.63,Birds,16
-33.14,149.99,Plants,16
-31.06,150.13,Birds,16
-32.42,144.47,Birds,16
-29.01,148.35,Birds,16
-26.65,117.0,Birds,16
-34.15,116.65,Amphibians,16
-35.97,139.99,Birds,16
-26.67,151.87,Birds,16
-22.82,131.55,Birds,15
-36.08,148.47,Mammals,15
-40.45,144.53,Mammals,15
-38.43,146.16,Birds,15
-32.37,152.3,Mammals,15
-22.33,127.18,Birds,15
-31.89,150.28,Birds,15
-37.46,141.89,Reptiles,15
-33.74,136.26,Birds,14
-30.5,151.07,Birds,14
-14.31,141.88,Birds,14
-38.39,146.26,Mammals,14
-31.8,151.8,Birds,14
-37.61,140.83,Mammals,14
-32.44,116.4,Mammals,14
-37.29,149.91,Mammals,14
-30.57,138.8,Birds,14
-35.64,140.61,Plants,14
-30.47,136.31,Birds,14
-35.76,150.14,Birds,14
-16.86,126.75,Mammals,14
-32.76,136.95,Birds,14
-29.55,147.68,Birds,14
-40.67,144.74,Birds,14
-31.5,139.66,Mammals,13
-28.26,146.43,Birds,13
-36.86,143.91,Plants,13
-38.39,146.26,Amphibians,13
-32.63,139.56,Birds,13
-27.15,152.82,Plants,13
-33.56,142.55,Birds,13
-40.44,147.82,Mammals,13
-33.91,137.94,Plants,13
-33.89,150.81,Mammals,13
-17.32,128.67,Birds,13
-41.34,146.17,Birds,12
-37.12,148.61,Mammals,12
-18.18,146.21,Birds,12
-34.26,136.25,Birds,12
-26.88,114.31,Birds,12
-27.29,151.43,Plants,12
-14.73,145.11,Birds,12
-38.39,141.3,Birds,12
-16.06,135.45,Birds,12
-29.3,153.11,Birds,12
-26.13,148.14,Birds,12
-34.2,140.53,Birds,11
-29.91,115.38,Plants,11
-34.96,137.47,Plants,11
-32.11,135.74,Birds,11
-35.84,144.79,Birds,11
-22.6,150.9,Birds,11
-34.87,149.96,Plants,11
-32.63,139.56,Plants,11
-23.37,132.78,Birds,11
-34.66,150.88,Mammals,11
-32.73,136.9,Birds,11
-38.76,143.69,Plants,11
-29.73,126.69,Birds,11
-32.52,151.19,Mammals,11
-35.43,149.06,Plants,11
-33.89,150.81,Amphibians,11
-38.32,144.24,Mammals,11
-33.8,134.79,Mammals,11
-21.48,148.93,Birds,10
-16.09,145.36,Amphibians,10
-28.6,153.19,Plants,10
-31.34,122.35,Birds,10
-14.29,131.65,Birds,10
-29.65,138.73,Birds,10
-29.91,115.38,Birds,10
-30.54,149.14,Birds,10
-24.62,144.89,Mammals,10
-25.3,152.46,Birds,10
-33.07,149.57,Birds,10
-30.57,138.8,Plants,10
-34.26,136.25,Mammals,9
-28.14,152.79,Mammals,9
-33.69,151.32,Mammals,9
-36.54,142.17,Plants,9
-32.41,117.18,Plants,9
-26.38,140.45,Birds,9
-31.5,140.56,Mammals,9
-12.94,131.19,Birds,9
-31.51,152.24,Birds,9
-12.67,136.41,Birds,9
-27.21,153.34,Plants,9
-31.78,141.38,Birds,9
-34.76,139.93,Birds,9
-33.96,138.15,Birds,9
-24.99,113.11,Mammals,9
-24.67,117.92,Birds,9
-34.98,150.3,Amphibians,9
-27.12,133.06,Birds,9
-25.52,129.16,Birds,9
-34.98,150.3,Birds,9
-29.25,153.26,Plants,8
-31.11,152.37,Plants,8
-31.73,136.55,Birds,8
-29.3,140.25,Birds,8
-24.6,151.51,Birds,8
-37.22,144.88,Plants,8
-36.53,149.74,Plants,8
-25.95,150.6,Birds,8
-15.71,120.83,Birds,8
-30.92,142.44,Birds,8
-30.72,144.04,Plants,8
-21.49,119.31,Mammals,8
-41.75,147.26,Mammals,8
-37.29,149.91,Birds,8
-27.29,151.43,Mammals,8
-24.99,113.11,Birds,8
-38.43,146.16,Mammals,8
-18.35,122.58,Birds,8
-29.22,140.0,Mammals,8
-29.12,151.96,Birds,8
-32.21,148.98,Birds,8
-34.23,119.15,Birds,8
-33.21,140.03,Birds,8
-34.35,149.54,Birds,8
-32.76,134.49,Mammals,8
-34.14,148.38,Mammals,8
-17.86,124.6,Birds,7
-33.1,150.93,Plants,7
-25.31,133.48,Birds,7
-36.95,140.41,Mammals,7
-26.04,145.65,Mammals,7
-25.7,152.28,Mammals,7
-33.89,122.6,Mammals,7
-20.66,117.08,Mammals,7
-35.44,148.85,Amphibians,7
-34.23,150.32,Plants,7
-26.33,152.08,Birds,7
-32.01,140.12,Birds,7
-25.67,153.04,Birds,7
-33.52,149.77,Plants,7
-33.21,151.56,Amphibians,7
-34.15,116.65,Plants,7
-14.29,131.65,Mammals,7
-21.48,148.93,Amphibians,7
-34.66,150.88,Amphibians,7
-33.56,142.55,Mammals,7
-29.24,151.61,Plants,6
-29.89,151.61,Birds,6
-28.79,116.94,Mammals,6
-23.48,130.47,Mammals,6
-30.18,152.61,Birds,6
-29.57,150.93,Birds,6
-35.27,150.66,Plants,6
-29.25,153.26,Amphibians,6
-24.19,132.31,Birds,6
-20.58,146.0,Birds,6
-21.04,148.92,Birds,6
-29.32,150.44,Birds,6
-30.47,136.31,Mammals,6
-35.83,137.24,Birds,6
-29.24,147.3,Birds,6
-27.61,140.1,Birds,6
-29.94,115.52,Birds,6
-33.21,151.56,Mammals,6
-33.46,135.0,Birds,6
-38.39,146.26,Plants,6
-27.21,153.34,Amphibians,6
-31.72,136.53,Birds,6
-33.52,149.77,Birds,6
-37.35,140.03,Plants,6
-27.15,152.82,Amphibians,6
-16.18,130.68,Birds,6
-28.67,152.61,Birds,6
-31.2,151.67,Birds,6
-16.45,144.73,Mammals,6
-35.96,150.25,Mammals,6
-41.42,145.79,Mammals,6
-28.6,153.19,Amphibians,6
-26.61,143.53,Birds,6
-28.43,129.98,Birds,5
-29.07,143.76,Birds,5
-29.68,145.48,Birds,5
-24.11,142.17,Birds,5
-35.44,148.85,Mammals,5
-27.04,144.84,Plants,5
-24.95,148.7,Birds,5
-35.58,144.92,Birds,5
-28.2,114.8,Birds,5
-38.41,142.75,Birds,5
-28.41,134.67,Birds,5
-32.88,135.02,Birds,5
-29.38,152.38,Birds,5
-35.58,139.24,Birds,5
-24.23,151.77,Plants,5
-23.45,151.86,Reptiles,5
-22.61,117.48,Birds,5
-16.05,136.6,Birds,5
-18.56,139.6,Birds,5
-34.23,119.15,Mammals,5
-20.41,147.91,Birds,5
-20.94,117.31,Birds,5
-32.41,117.18,Mammals,5
-32.07,127.55,Birds,5
-31.11,152.37,Birds,5
-31.2,151.67,Plants,5
-31.08,127.69,Birds,5
-22.5,122.25,Birds,5
-12.96,133.07,Birds,5
-42.57,145.62,Mammals,5
-34.8,145.15,Reptiles,5
-33.37,141.86,Birds,4
-30.9,133.06,Birds,4
-25.42,150.8,Birds,4
-22.62,114.54,Birds,4
-35.64,140.61,Birds,4
-42.57,145.62,Birds,4
-33.5,142.3,Birds,4
-36.84,148.02,Plants,4
-30.8,115.86,Birds,4
-26.33,152.08,Mammals,4
-37.22,144.88,Amphibians,4
-31.74,145.3,Birds,4
-27.23,147.46,Birds,4
-33.65,146.39,Plants,4
-33.56,142.55,Amphibians,4
-17.43,145.54,Mammals,4
-26.64,119.07,Birds,4
-26.95,139.77,Plants,4
-33.06,119.03,Birds,4
-36.14,149.11,Plants,4
-31.92,115.49,Mammals,4
-15.93,135.27,Birds,4
-41.88,146.31,Birds,4
-34.66,150.88,Plants,4
-19.2,138.51,Birds,4
-31.82,142.63,Birds,4
-30.57,138.8,Mammals,4
-22.06,143.42,Birds,4
-32.44,151.51,Mammals,4
-33.06,119.03,Plants,4
-30.43,152.93,Plants,4
-24.23,151.77,Mammals,4
-30.39,152.4,Birds,4
-22.06,143.42,Mammals,4
-24.11,122.31,Birds,4
-30.47,145.17,Birds,4
-24.11,142.17,Mammals,4
-38.76,143.69,Mammals,4
-27.76,152.61,Plants,4
-32.44,151.51,Birds,4
-23.16,148.75,Birds,4
-38.97,146.39,Birds,4
-34.98,150.3,Plants,4
-24.23,151.77,Amphibians,4
-21.09,149.38,Mammals,4
-37.21,146.85,Birds,4
-32.37,152.3,Plants,4
-34.22,151.01,Mammals,4
-25.1,152.81,Reptiles,4
-25.02,114.41,Mammals,4
-20.05,130.85,Birds,4
-19.65,145.77,Mammals,3
-40.44,147.82,Plants,3
-38.51,142.54,Mammals,3
-23.48,130.47,Reptiles,3
-25.27,148.22,Plants,3
-40.69,147.81,Birds,3
-22.93,150.25,Birds,3
-22.6,119.52,Birds,3
-27.56,149.28,Birds,3
-22.41,114.42,Mammals,3
-15.71,120.83,Reptiles,3
-15.68,132.72,Birds,3
-34.06,141.5,Birds,3
-25.75,113.0,Birds,3
-25.88,141.22,Birds,3
-17.91,127.22,Birds,3
-16.59,145.71,Mammals,3
-34.85,149.07,Amphibians,3
-27.08,130.49,Birds,3
-27.04,144.84,Mammals,3
-17.44,145.76,Mammals,3
-24.25,150.79,Mammals,3
-16.92,133.61,Birds,3
-33.69,151.32,Amphibians,3
-26.67,151.87,Mammals,3
-32.37,152.3,Reptiles,3
-28.18,120.39,Mammals,3
-33.01,122.45,Birds,3
-36.54,142.17,Reptiles,3
-32.02,151.04,Birds,3
-29.15,151.2,Plants,3
-35.61,141.57,Plants,3
-37.26,142.38,Plants,3
-35.59,148.32,Birds,3
-33.14,149.99,Birds,3
-30.43,152.93,Reptiles,3
-36.14,149.11,Birds,3
-28.17,153.68,Mammals,3
-35.84,144.79,Plants,3
-29.58,152.1,Birds,3
-27.99,147.82,Birds,3
-31.8,151.8,Reptiles,3
-36.08,148.47,Plants,3
-29.47,151.39,Plants,3
-30.18,152.61,Mammals,2
-30.46,152.22,Birds,2
-36.88,146.76,Plants,2
-30.22,150.11,Birds,2
-21.48,148.93,Mammals,2
-34.22,151.01,Reptiles,2
-34.14,147.3,Amphibians,2
-22.41,114.42,Reptiles,2
-32.44,123.88,Birds,2
-30.04,151.9,Plants,2
-22.61,117.48,Mammals,2
-22.67,150.55,Mammals,2
-20.83,135.09,Birds,2
-22.73,150.72,Birds,2
-29.82,153.42,Amphibians,2
-23.1,140.4,Mammals,2
-29.82,153.42,Plants,2
-23.42,134.72,Birds,2
-23.51,116.74,Birds,2
-35.96,150.25,Plants,2
-24.18,150.37,Birds,2
-29.54,152.84,Mammals,2
-29.5,151.8,Birds,2
-30.5,151.07,Plants,2
-27.63,137.72,Mammals,2
-34.22,151.01,Plants,2
-16.59,145.71,Amphibians,2
-34.7,116.16,Mammals,2
-34.7,116.16,Plants,2
-12.86,141.95,Mammals,2
-36.27,146.83,Plants,2
-13.44,134.76,Birds,2
-14.29,131.65,Reptiles,2
-31.92,115.49,Reptiles,2
-31.94,127.57,Birds,2
-14.8,143.97,Birds,2
-34.58,150.46,Mammals,2
-31.32,137.24,Birds,2
-34.53,142.67,Birds,2
-43.13,146.74,Birds,2
-32.15,140.73,Mammals,2
-30.51,143.13,Birds,2
-30.92,142.44,Mammals,2
-30.91,130.34,Mammals,2
-30.72,144.04,Birds,2
-17.89,128.95,Birds,2
-18.18,146.21,Mammals,2
-30.62,150.69,Mammals,2
-18.76,146.45,Mammals,2
-30.58,134.62,Birds,2
-18.83,146.01,Amphibians,2
-19.11,134.04,Birds,2
-24.31,134.81,Birds,2
-19.46,140.57,Birds,2
-36.84,148.02,Mammals,2
-24.25,150.79,Birds,2
-22.67,150.55,Reptiles,2
-28.42,153.61,Amphibians,2
-24.85,136.88,Birds,2
-25.95,132.93,Birds,2
-32.94,150.06,Plants,2
-33.46,149.13,Mammals,2
-25.02,114.41,Reptiles,2
-37.22,144.88,Birds,2
-28.9,142.86,Birds,2
-28.51,133.29,Birds,2
-33.89,150.81,Plants,2
-33.6,138.73,Reptiles,2
-25.75,121.9,Birds,2
-26.95,139.77,Mammals,2
-27.78,125.37,Birds,2
-28.68,151.89,Mammals,2
-24.73,148.02,Birds,2
-31.83,151.24,Reptiles,2
-24.61,149.75,Birds,2
-34.04,150.08,Plants,2
-24.62,144.89,Birds,2
-25.7,152.28,Plants,2
-29.37,151.55,Birds,2
-29.24,151.61,Birds,2
-35.27,150.66,Mammals,2
-28.42,149.18,Birds,1
-26.95,114.53,Birds,1
-28.48,135.98,Birds,1
-32.02,151.04,Mammals,1
-16.45,144.73,Birds,1
-33.21,151.56,Plants,1
-34.85,149.07,Mammals,1
-41.36,147.69,Birds,1
-31.23,152.8,Amphibians,1
-29.39,149.93,Birds,1
-17.04,140.33,Birds,1
-32.21,148.98,Mammals,1
-28.54,151.52,Plants,1
-30.89,152.03,Birds,1
-17.44,145.76,Amphibians,1
-17.56,138.64,Birds,1
-26.77,134.28,Birds,1
-28.57,144.78,Plants,1
-36.54,142.17,Mammals,1
-18.13,145.72,Amphibians,1
-35.44,148.85,Plants,1
-18.31,122.32,Reptiles,1
-18.31,122.32,Mammals,1
-41.28,146.15,Birds,1
-31.43,132.12,Birds,1
-34.58,150.46,Reptiles,1
-28.13,150.32,Birds,1
-42.36,145.69,Birds,1
-42.57,145.62,Plants,1
-13.42,132.02,Reptiles,1
-33.52,149.77,Mammals,1
-36.14,149.11,Amphibians,1
-31.83,151.24,Birds,1
-12.74,136.23,Birds,1
-32.0,151.52,Mammals,1
-42.57,145.62,Amphibians,1
-12.72,131.18,Reptiles,1
-37.76,140.66,Mammals,1
-37.67,146.41,Plants,1
-43.13,146.74,Reptiles,1
-11.49,142.35,Reptiles,1
-35.59,148.32,Mammals,1
-13.62,143.49,Reptiles,1
-28.14,152.79,Amphibians,1
-27.21,153.34,Reptiles,1
-37.35,148.37,Plants,1
-34.61,142.53,Birds,1
-27.15,152.82,Birds,1
-36.27,146.83,Birds,1
-15.35,130.14,Birds,1
-34.84,137.48,Birds,1
-15.5,130.3,Birds,1
-34.85,149.07,Reptiles,1
-28.42,153.61,Plants,1
-30.62,150.69,Plants,1
-31.35,143.98,Birds,1
-34.58,150.46,Plants,1
-15.88,136.55,Mammals,1
-41.28,146.15,Plants,1
-34.89,138.76,Mammals,1
-36.1,149.48,Plants,1
-33.71,144.58,Amphibians,1
-29.99,142.4,Birds,1
-33.8,134.79,Plants,1
-29.95,151.18,Birds,1
-29.91,115.38,Mammals,1
-37.67,146.41,Amphibians,1
-25.1,152.81,Plants,1
-39.09,146.5,Mammals,1
-22.68,150.54,Reptiles,1
-35.67,148.91,Amphibians,1
-35.33,138.67,Mammals,1
-34.14,148.38,Amphibians,1
-23.04,147.48,Birds,1
-23.1,140.4,Birds,1
-23.16,148.75,Mammals,1
-36.95,140.41,Plants,1
-33.81,149.73,Mammals,1
